,OTU,Kingdom,Phylum,Class,Order,Family,Genus,Species,Significance_Z_ostreum,Significance_P_marinus,Significance_Weight_Oysters_18,Significance_Volume_Oysters_18,Significance_Weight_Mussle_18,Significance_Volume_Mussels_18,Significance_Volume_Oysters_17,Log2Fold_Z_ostreum,Log2Fold_P_marinus,Log2Fold_Weight_Oysters_18,Log2Fold_Volume_Oysters_18,Log2Fold_Weight_Mussle_18,Log2Fold_Volume_Mussels_18,Log2Fold_Volume_Oysters_17,,,,,,,,,,Log2Fold_Z_ostreum,Log2Fold_P_marinus,Log2Fold_Weight,Log2Fold_Volume,Significance.x,Log2Fold.y,Kingdom.y,Phylum.y,Class.y,Order.y,Family.y,Genus.y,Species.y,Significance.y,Log2Fold,Kingdom,Phylum,Class,Order,Family,Genus,Species,Significance
1, TACGGAGGGTGCAAGCGTTACTCGGAATCACTGGGCGTAAAGAGCGTGTAGGCGGGTTTGTAAGTTTGAAGTGAAATCCAATGGCTCAACCATTGAACTGCTTTGAAAACTGCTTACCTAGAATATGGGAGAGGTAGATGGAATTTCTGGTGTAGGGGTAAAATCCGTAGAGATCAGAAGGAATACCGATTGCGAAGGCGATCTACTGGAACATTATTGACGCTGAGACGCGAAAGCGTGGGGAGCAAACAGG,Kingdom_Bacteria,Phylum_Campilobacterota,Class_Campylobacteria,Order_Campylobacterales,Family_Arcobacteraceae,Genus_Poseidonibacter,Species_lekithochrous,Zaops_ostreum ,P_marinus,NA,NA,NA,NA,NA,-7.795,-3.237,NA,NA,NA,NA,NA,,,,,,,,,,-7.795,-3.237,NA,NA,Zaops_ostreum ,-3.237,Kingdom_Bacteria,Phylum_Campilobacterota,Class_Campylobacteria,Order_Campylobacterales,Family_Arcobacteraceae,Genus_Poseidonibacter,Species_lekithochrous,P_marinus,NA,NA,NA,NA,NA,NA,NA,NA,NA
2, TACGGAGGATCCAAGCGTTATCCGGATTTATTGGGTTTAAAGGGTGCGTAGGTGGCTGTATAAGTCAGTAGTGAAATCTCGGAGCTCAACTCCGAACGTGCTATTGAAACTGTATAGCTTGAATTCAGACGAGGCAGGCGGAATGTGTAATGTAGCGGTGAAATGCATAGATATTACACAGAACACCGATAGCGAAGGCAGCTTGCCAGACTGCGATTGACACTAATGCACGAAAGCGTGGGTAGCGAACAGG,Kingdom_Bacteria,Phylum_Bacteroidota,Class_Bacteroidia,Order_Bacteroidales,Family_Marinifilaceae,Family_Marinifilaceae,Family_Marinifilaceae,Zaops_ostreum ,NA,NA,NA,NA,NA,NA,-29.71,NA,NA,NA,NA,NA,NA,,,,,,,,,,-29.71,NA,NA,NA,Zaops_ostreum ,NA,NA,NA,NA,NA,NA,NA,NA,NA,NA,NA,NA,NA,NA,NA,NA,NA,NA
3, TACATAGGGTGCAAGCGTTATCCGGAATTATTGGGCGTAAAGCGTTCGTAGGCGGTTTATTAAGTCTGAAGTTAAAGCCTGGGGCTCAACCCCAGCCCGCTTCGGATACTGGTAGACTAGAGTTATAGAGAGGTTAGTGGAACTCCATGTGAAGCGGTGGAATGCGTAGATATATGGAAGAACACCAATGGCGAAGGCAACTAACTGGCTATACACTGACGCTGAGGAACGAAAGCGTGGGGAGCAAACAGG,Kingdom_Bacteria,Phylum_Firmicutes,Class_Bacilli,Order_Mycoplasmatales,Family_Mycoplasmataceae,Genus_Mycoplasma,Genus_Mycoplasma,Zaops_ostreum ,NA,NA,NA,NA,NA,NA,-26.58,NA,NA,NA,NA,NA,NA,,,,,,,,,,-26.58,NA,NA,NA,Zaops_ostreum ,NA,NA,NA,NA,NA,NA,NA,NA,NA,NA,NA,NA,NA,NA,NA,NA,NA,NA
4, TACGAAGGGGGCTAGCGTTGTTCGGAATTACTGGGCGTAAAGGGCGTCTAGGTGGTTTTGTTAGTTGGATGTGAAAGCCCTCGGCTCAACCGAGGAATTGCATCCAAAACTGCATTACTAGAGTGTGAAAGGGGAAGGCGGAATTCCAAGTGTAGCGGTGAAATGCGTAGATATTTGGAGGAACACCGGTGGCGAAGGCGGCCTTCTGGTTCAACACTGACACTAAAGCGCGAAGGCTAGGGGAGCGAACAGG,Kingdom_Bacteria,Phylum_Verrucomicrobiota,Class_Omnitrophia,Class_Omnitrophia,Class_Omnitrophia,Class_Omnitrophia,Class_Omnitrophia,Zaops_ostreum ,P_marinus,NA,NA,NA,NA,NA,-30,-3.106,NA,NA,NA,NA,NA,,,,,,,,,,-30,-3.106,NA,NA,Zaops_ostreum ,-3.106,Kingdom_Bacteria,Phylum_Verrucomicrobiota,Class_Omnitrophia,Class_Omnitrophia,Class_Omnitrophia,Class_Omnitrophia,Class_Omnitrophia,P_marinus,NA,NA,NA,NA,NA,NA,NA,NA,NA
5, TACGGAGGGTGCAAGCGTTACTCGGAATCACTGGGCGTAAAGAGCGTGTAGGCGGGATAATAAGTCAGATGTGAAAGCCAATGGCTCAACCATTGAACTGCATTTGAAACTGTTAACCTAGAATATGGGAGAGGTAGATGGAATTTCTGGTGTAGGGGTAAAATCCGTAGAGATCAGAAGGAATACCGATTGCGAAGGCGATCTACTGGAACATAATTGACGCTGAGACGCGAAAGCGTGGGGAGCAAACAGG,Kingdom_Bacteria,Phylum_Campilobacterota,Class_Campylobacteria,Order_Campylobacterales,Family_Arcobacteraceae,Genus_Halarcobacter,Genus_Halarcobacter,Zaops_ostreum ,NA,NA,NA,NA,NA,NA,-26.48,NA,NA,NA,NA,NA,NA,,,,,,,,,,-26.48,NA,NA,NA,Zaops_ostreum ,NA,NA,NA,NA,NA,NA,NA,NA,NA,NA,NA,NA,NA,NA,NA,NA,NA,NA
6, TACGGAGGGTGCAAGCGTTAATCGGAATTACTGGGCGTAAAGCGTGCGTAGGCGGCTACTTAAGTGGGATGTGAAAGCCCCGGGCTCAACCTGGGAACTGCATCCCAAACTGGGTAGCTAGAGTACGGCAGAGGAGTGTGGAATTTCCTGTGTAGCGGTGAAATGCGTAGATATAGGAAGGAACACCAGTGGCGAAGGCGACACTCTGGGCTGATACTGACGCTGAGGTACGAAAGCGTGGGGAGCAAACAGG,Kingdom_Bacteria,Phylum_Proteobacteria,Class_Gammaproteobacteria,Order_Oceanospirillales,Family_Endozoicomonadaceae,Genus_Endozoicomonas,Genus_Endozoicomonas,Zaops_ostreum ,P_marinus,NA,NA,NA,NA,NA,-28.74,-2.89,NA,NA,NA,NA,NA,,,,,,,,,,-28.74,-2.89,NA,NA,Zaops_ostreum ,-2.89,Kingdom_Bacteria,Phylum_Proteobacteria,Class_Gammaproteobacteria,Order_Oceanospirillales,Family_Endozoicomonadaceae,Genus_Endozoicomonas,Genus_Endozoicomonas,P_marinus,NA,NA,NA,NA,NA,NA,NA,NA,NA
7, TACGAAGGGACCTAGCGTAGTTCGGAATTACTGGGCTTAAAGAGTTCGTAGGTGGTTGAAAAAGTTAGTGGTGAAATCCCAGAGCTTAACTCTGGAACTGCCATTAAAACTTTTCAGCTAGAGTATGATAGAGGAAAGCAGAATTTCTAGTGTAGAGGTGAAATTCGTAGATATTAGAAAGAATACCAATTGCGAAGGCAGCTTTCTGGATCATTACTGACACTGAGGAACGAAAGCATGGGTAGCGAAGAGG,Kingdom_Bacteria,Phylum_Proteobacteria,Class_Alphaproteobacteria,Order_SAR11 clade,Family_Clade I,Genus_Clade Ia,Genus_Clade Ia,Zaops_ostreum ,NA,NA,NA,NA,NA,NA,-24.4,NA,NA,NA,NA,NA,NA,,,,,,,,,,-24.4,NA,NA,NA,Zaops_ostreum ,NA,NA,NA,NA,NA,NA,NA,NA,NA,NA,NA,NA,NA,NA,NA,NA,NA,NA
8, TACATAGGGTGCAAGCGTTATCCGGAATTATTGGGCGTAAAGCGTTCGTAGGCGGTTTATTAAGTCTGAAGTTAAAGCTCGGTGCTCAACACCGACCCGCTTTGGATACTGATAGACTAGAGTTATATAGAGGTTAGCGGAACTCCATGTGAAGCGGTGGAATGCGTAGATATATGGAAGAACACCAATGGCGAAGGCAGCTAACTGGATATACACTGACGCTGAGGAACGAAAGCGTGGGGAGCAAACAGG,Kingdom_Bacteria,Phylum_Firmicutes,Class_Bacilli,Order_Mycoplasmatales,Family_Mycoplasmataceae,Genus_Mycoplasma,Genus_Mycoplasma,NA,P_marinus,NA,NA,NA,NA,NA,NA,-1.846,NA,NA,NA,NA,NA,,,,,,,,,,NA,-1.846,NA,NA,P_marinus,NA,NA,NA,NA,NA,NA,NA,NA,NA,,,,,,,,,
9, TTCCAGCTCCAATAGCGTATATTAAAGTTGCTGCAGTTAAAAAGCTCGTAGCTGGATCTCGGGTCCAGGCTGGCGGTCCACCTCGTTGTGGTTACTGCCTGTTCTGACCCAACCTCTCGGTTGTAAACCCTTGGTGCTCTTGATTGAGTTGCTTCGGGTGGCCGAAACTTTTACTTTGAAAAAATTAGAGTGTTCAAAGCAGGCGATTCGCCTGCACAATGGTGCATGGAATAATGGAATAGGACCTCGGTTCTATTTTGTTGGTTTTCGGAACACGAGGTAATGATTAAGAGGGACTGACGGGGGCATTCGTATGGCGGGGTTAGAGGTGAAATTCTTGGATCCTCGCCAGACGGCCTACAGCGAAAGCATTTGCCAAGCATGTTTTCATTAGTCAAGAACGAAAGTCAGAGGTTCGAAGACG,Kingdom_Eukaryota,Kingdom_Eukaryota,Kingdom_Eukaryota,Kingdom_Eukaryota,Kingdom_Eukaryota,Kingdom_Eukaryota,Kingdom_Eukaryota,NA,P_marinus,NA,NA,NA,NA,NA,NA,-2.321,NA,NA,NA,NA,NA,,,,,,,,,,NA,-2.321,NA,NA,P_marinus,NA,NA,NA,NA,NA,NA,NA,NA,NA,,,,,,,,,
10, GACGGAGGATGCAAGTGTTATCCGGAATCACTGGGCGTAAAGCGTCTGTAGGTGGTTTAATAAGTCAACTGTTAAATCTTGAGGCTCAACTTCAAAATCGCAGTCGAAACTATTAGACTAGAGTATAGTAGAGGTAAAGGGAATTTCCAGTGGAGCGGTGAAATGCGTAGATATTGGAAAGAACACCGATGGCGAAAGCACTTTACTGGGCTATTACTAACACTCAGAGACGAAAGCTAGGGTAGCAAATGGG,Kingdom_Bacteria,Phylum_Cyanobacteria,Class_Cyanobacteriia,Order_Chloroplast,Order_Chloroplast,Order_Chloroplast,Order_Chloroplast,NA,P_marinus,NA,NA,NA,NA,NA,NA,-2.288,NA,NA,NA,NA,NA,,,,,,,,,,NA,-2.288,NA,NA,P_marinus,NA,NA,NA,NA,NA,NA,NA,NA,NA,,,,,,,,,
11, TACGGAGGGTGCGAGCGTTAATCGGAATTACTGGGCGTAAAGCGCATGCAGGTGGTTTGTTAAGTCAGATGTGAAAGCCCGGGGCTCAACCTCGGAATAGCATTTGAAACTGGCAGACTAGAGTACTGTAGAGGGGGGTAGAATTTCAGGTGTAGCGGTGAAATGCGTAGAGATCTGAAGGAATACCGGTGGCGAAGGCGGCCCCCTGGACAGATACTGACACTCAGATGCGAAAGCGTGGGGAGCAAACAGG,Kingdom_Bacteria,Phylum_Proteobacteria,Class_Gammaproteobacteria,Order_Vibrionales,Family_Vibrionaceae,Genus_Vibrio,Genus_Vibrio,NA,P_marinus,NA,NA,NA,NA,NA,NA,-2.433,NA,NA,NA,NA,NA,,,,,,,,,,NA,-2.433,NA,NA,P_marinus,NA,NA,NA,NA,NA,NA,NA,NA,NA,,,,,,,,,
12, TACGGAGGGTGCGAGCGTTAATCGGAATTACTGGGCGTAAAGCGCATGCAGGTGGTTTGTTAAGTCAGATGTGAAAGCCCGGGGCTCAACCTCGGAATTGCATTTGAAACTGGCAGACTAGAGTACTGTAGAGGGGGGTAGAATTTCAGGTGTAGCGGTGAAATGCGTAGAGATCTGAAGGAATACCGGTGGCGAAGGCGGCCCCCTGGACAGATACTGACACTCAGATGCGAAAGCGTGGGGAGCAAACAGG,Kingdom_Bacteria,Phylum_Proteobacteria,Class_Gammaproteobacteria,Order_Vibrionales,Family_Vibrionaceae,Genus_Vibrio,Genus_Vibrio,NA,P_marinus,NA,NA,NA,NA,NA,NA,-2.371,NA,NA,NA,NA,NA,,,,,,,,,,NA,-2.371,NA,NA,P_marinus,NA,NA,NA,NA,NA,NA,NA,NA,NA,,,,,,,,,
13, TACGAAGGGGGCTAGCGTTGTTCGGAATTACTGGGCGTAAAGGGTACGTAGGCGGTTTAACCAGTCAGATGTGAAATCCCAGGGCTCAACCTTGGAACTGCATTTGATACTGTTAGACTAGAATCCGAGAGGGGACAGTGGAATTTCCAGTGTAGAGGTGACATCCGTAGATATTGGAAGGAACACCAGAGGCGAAGGCGACTGTCTGGATCGGTATTGACGCTGAGGTACGAAAGTGTGGGTAGCAAACAGG,Kingdom_Bacteria,Phylum_Proteobacteria,Class_Alphaproteobacteria,Class_Alphaproteobacteria,Class_Alphaproteobacteria,Class_Alphaproteobacteria,Class_Alphaproteobacteria,NA,P_marinus,NA,NA,NA,NA,NA,NA,-2.395,NA,NA,NA,NA,NA,,,,,,,,,,NA,-2.395,NA,NA,P_marinus,NA,NA,NA,NA,NA,NA,NA,NA,NA,,,,,,,,,
14, GACGGAGGATGCAAGTGTTATCCGGAATCACTGGGCGTAAAGCGTCTGTAGGTGGTTTAATAAGTCAACTGTTAAATCTTGAGGCTTAACTTCAAAACTGCAGTCGAAACTATTAGACTAGAGTATAGTAGGGGTAAAGGGAATTTCCAGTGGAGCGGTGAAATGCGTAGATATTGGAAAGAACACCGATGGCGAAGGCACTTTACTGGGCTATTACTAACACTCAGAGACGAAAGCTAGGGTAGCAAATGGG,Kingdom_Bacteria,Phylum_Cyanobacteria,Class_Cyanobacteriia,Order_Chloroplast,Order_Chloroplast,Order_Chloroplast,Order_Chloroplast,NA,P_marinus,NA,NA,NA,NA,NA,NA,-3.655,NA,NA,NA,NA,NA,,,,,,,,,,NA,-3.655,NA,NA,P_marinus,NA,NA,NA,NA,NA,NA,NA,NA,NA,,,,,,,,,
15, TACAGAGGGTGCAAGCGTTAATCGGAATTACTGGGCGTAAAGCGCGCGTAGGTGGTTCGTTAAGTTGGATGTGAAATCCCCGGGCTCAACCTGGGAACTGCATTCAAAACTGACGAGCTAGAGTATGGTAGAGGGTGGTGGAATTTCCTGTGTAGCGGTGAAATGCGTAGATATAGGAAGGAACACCAGTGGCGAAGGCGACCACCTGGACTGATACTGACACTGAGGTGCGAAAGCGTGGGGAGCAAACAGG,Kingdom_Bacteria,Phylum_Proteobacteria,Class_Gammaproteobacteria,Order_Pseudomonadales,Family_Pseudomonadaceae,Genus_Pseudomonas,Genus_Pseudomonas,NA,P_marinus,NA,NA,NA,NA,NA,NA,-2.528,NA,NA,NA,NA,NA,,,,,,,,,,NA,-2.528,NA,NA,P_marinus,NA,NA,NA,NA,NA,NA,NA,NA,NA,,,,,,,,,
16, TACAGAGGGTGCGAGCGTTAATCGGATTTACTGGGCGTAAAGCGTGCGTAGGCGGCCATTTAAGTCAAATGTGAAATCCCCGAGCTTAACTTGGGAATTGCATTCGATACTGGATGGCTAGAGTATGGGAGAGGATGGTAGAATTCCAGGTGTAGCGGTGAAATGCGTAGAGATCTGGAGGAATACCGATGGCGAAGGCAGCCATCTGGCCTAATACTGACGCTGAGGTACGAAAGCATGGGGAGCAAACAGG,Kingdom_Bacteria,Phylum_Proteobacteria,Class_Gammaproteobacteria,Order_Pseudomonadales,Family_Moraxellaceae,Genus_Acinetobacter,Genus_Acinetobacter,NA,P_marinus,NA,NA,NA,NA,NA,NA,-2.274,NA,NA,NA,NA,NA,,,,,,,,,,NA,-2.274,NA,NA,P_marinus,NA,NA,NA,NA,NA,NA,NA,NA,NA,,,,,,,,,
17, TACATAGGGTGCAAGCGTTATCCGGAATTATTGGGCGTAAAGCGTGCGTAGGCGGTTTACTAAGTCTGAAGTTAAAGCCTGGGGCTCAACCCCAGCCCGCTTTGGATACTGGTAGACTAGAGTTATATAGAGGTTAGCGGAACTCCATGTGAAGCGGTGGAATGCGTAGATATATGGAAGAACACCAAGAGCGAAGGCAGCTAACTGGATATACACTGACGCTGAGGCACGAAAGCGTGGGGAGCAAACAGG,Kingdom_Bacteria,Phylum_Firmicutes,Class_Bacilli,Order_Mycoplasmatales,Family_Mycoplasmataceae,Genus_Mycoplasma,Genus_Mycoplasma,NA,P_marinus,NA,NA,NA,NA,NA,NA,-4.307,NA,NA,NA,NA,NA,,,,,,,,,,NA,-4.307,NA,NA,P_marinus,NA,NA,NA,NA,NA,NA,NA,NA,NA,,,,,,,,,
18,TACAGAGGGTGCAAGCGTTAATCGGAATTACTGGGCGTAAAGCGCGCGTAGGTGGTTTGTTAAGTTGGATGTGAAATCCCCGGGCTCAACCTGGGAACTGCATTCAAAACTGACTGACTAGAGTATGGTAGAGGGTGGTGGAATTTCCTGTGTAGCGGTGAAATGCGTAGATATAGGAAGGAACACCAGTGGCGAAGGCGACCACCTGGACTAATACTGACACTGAGGTGCGAAAGCGTGGGGAGCAAACAGG,Bacteria,Proteobacteria,Gammaproteobacteria,Pseudomonadales,Pseudomonadaceae,Pseudomonas,Genus Pseudomonas,NA,NA,Weight and Oysters 2018,NA,NA,NA,NA,NA,NA,1.797044,NA,NA,NA,NA,,,,,,,,,,,NA,NA,NA,Weight and Oysters 2018,,,,,,,,,,,,,,,,,,
19,TACGGAGGGGGCTAGCGTTGTTCGGAATTACTGGGCGTAAAGCGCACGTAGGTGGACTATTAAGTCAGGGGTGAAAGCCCGGGGCTCAACCCCGGAACTGCCTTTGATACTGATAGTCTTGAGTCCGGGAGAGGTGAGTGGAATTCCTAGTGTAGAGGTGAAATTCGTAGATATTAGGAGGAACACCAGTGGCGAAGGCGGCTCACTGGCCCGGTACTGACGCTGAGGTGCGAAAGCGTGGGGAGCAAACAGG,Bacteria,Proteobacteria,Alphaproteobacteria,Rhizobiales,Order Rhizobiales,Order Rhizobiales,Order Rhizobiales,NA,NA,Weight and Oysters 2018,NA,NA,NA,NA,NA,NA,2.119918,NA,NA,NA,NA,,,,,,,,,,,NA,NA,NA,Weight and Oysters 2018,,,,,,,,,,,,,,,,,,
20,TACGGAGGGGGCTAGCGTTGTTCGGAATTACTGGGCGTAAAGCGCGCGTAGGCGGCTGTCCAAGTCAGGGGTGAAAGCCCGCGGCTCAACCGCGGAACTGCCCTTGAAACTGGACGGCTTGAACACGGGAGAGGTGAGTGGAATTCCGAGTGTAGAGGTGAAATTCGTAGATATTCGGAAGAACACCAGTGGCGAAGGCGACTCACTGGACCGTAGTTGACGCTGAGGCGCGAAAGCGTGGGGAGCGAACAGG,Bacteria,Proteobacteria,Alphaproteobacteria,Sphingomonadales,Sphingomonadaceae,Sphingoaurantiacus,Genus Sphingoaurantiacus,NA,NA,Weight and Oysters 2018,NA,NA,NA,NA,NA,NA,1.436716,NA,NA,NA,NA,,,,,,,,,,,NA,NA,NA,Weight and Oysters 2018,,,,,,,,,,,,,,,,,,
21,TACGTAGGGTGCAAGCGTTGTCCGGATTTATTGGGTTTAAAGGGTGCGTAGGCGGTTTTATAAGTCAGTGGTGAAAGACAACAGCTCAACTGTTGAGGTGCCAATGATACTGTAGAACTTGAGTACAGACGAGGTAGGCGGAATTGACAGTGTAGCGGTGAAATGCATAGATATTGTCAAGAACACCGATAGCGAAGGCAGCTTGCTAGCCTGTAACTGACGCTGATGCACGAAAGTATGGGGATCAAACAGG,Bacteria,Bacteroidota,Bacteroidia,Cytophagales,Microscillaceae,Family Microscillaceae,Family Microscillaceae,NA,NA,Weight and Oysters 2018,NA,NA,NA,NA,NA,NA,1.933743,NA,NA,NA,NA,,,,,,,,,,,NA,NA,NA,Weight and Oysters 2018,,,,,,,,,,,,,,,,,,
22,GACGAAGGGGGCGAGCGTTATCCGGAATGACTGGGCGTAAAGGGTCCGTAGGCAGCATTTTTTGTTAGAGGTAAAAGAAAAAAGCTCAACTTTTTTTGGCTTCTAAAACGTAAATGCTTTGAGTTTGAAAGGGGATAGCAGAATTTCACATGGAGGGGTGATATCCGTAGATATGTGAAGGAATACCAGAGGCGAAGGCGGCTATCCAGTTCAATACTGACGTTGAGGGACGAAAGCATGGGGAGCAAACAGG,Bacteria,Proteobacteria,Alphaproteobacteria,Rickettsiales,Mitochondria,Family Mitochondria,Family Mitochondria,NA,NA,NA,Volume and Oysters 2018,NA,NA,NA,NA,NA,NA,-2.7737,NA,NA,NA,,,,,,,,,,,NA,NA,NA,Volume and Oysters 2018,,,,,,,,,,,,,,,,,,
23,GACGGGGGATGCAAGTGTTATCCGGATTTACTGGGCGTAAAGCGTCTGCAGGTGGTTTCTTAAGTCTACTGTTAAATCTTGAGGCTCAACCTCAAATCTGCATTAGAAACTAGGAGACTTGAGTATAGTAGGGGTAGAGGGAATTTCCAGTGGAGCGGTGAAATGCGTAGATATTGGAAAGAACACCGATGGCGAAGGCACTCTACTGGGCTATTACTGACACTCAGAGACGAAAGCTAGGGGAGCAAATGGG,Bacteria,Cyanobacteria,Cyanobacteriia,Chloroplast,Order Chloroplast,Order Chloroplast,Order Chloroplast,NA,NA,NA,Volume and Oysters 2018,NA,NA,NA,NA,NA,NA,-2.12037,NA,NA,NA,,,,,,,,,,,NA,NA,NA,Volume and Oysters 2018,,,,,,,,,,,,,,,,,,
24,TACGGAGGATGCAAGCGTTATCCGGACTGATTGGGTGTAAAGCATCTGTAGGCGGTTTTGGAAGTCTACGGTTAAATCCCAGAGCTTAACTTTGGTTCAGCCGTAGAGTACTTCAAAGCTTGAGTATGGTAGGGGTAGAGGGAACTTCTCGTGGAGCGGTGAAATGCACAGAGATGAGAAGGAACACCAGTGGCGAAAGCGCTCTACTGGGCCATGACTGACGCTGAGAGATGACAGCTGAGGGAGCGAATAGG,Bacteria,Cyanobacteria,Cyanobacteriia,Chloroplast,Order Chloroplast,Order Chloroplast,Order Chloroplast,NA,NA,NA,Volume and Oysters 2018,NA,NA,NA,NA,NA,NA,-2.21696,NA,NA,NA,,,,,,,,,,,NA,NA,NA,Volume and Oysters 2018,,,,,,,,,,,,,,,,,,
25,TACGTAGGTCCCAAGCGTTATCCGGAATTATTGGGCGTAAAGGGTCCGTAGACGGTTTATTAAGTCTGATGTGAAAGCCACCGGCTCAACCGGTGAAACGCATTAGATACTGGTAAACTAGAGTATGTTAGAGGATAGTGGAATTCCATGTGTAGCGGTGAAATGCGTAGATATATGGAGGAACACCAGTGGCGAAGGCGGCTATCTGGGACATTACTGACGTTGAGGGACGAAAGCGTGGGGAGCGAACAGG,Bacteria,Firmicutes,Bacilli,Mycoplasmatales,Mycoplasmataceae,Family Mycoplasmataceae,Family Mycoplasmataceae,NA,NA,NA,Volume and Oysters 2018,NA,NA,NA,NA,NA,NA,-3.49874,NA,NA,NA,,,,,,,,,,,NA,NA,NA,Volume and Oysters 2018,,,,,,,,,,,,,,,,,,
26,GACGTAGGTGGCAAGCGTTATCCGGAATTATTGGGCGTAAAGAGTTCGTAGACGGCAAATTAAGTTCTTTGTAAAAGACGTAGTGGCTCAACCACCGGAATGCTTAGAAAACTGATTTGCTAGAGTTTGTCAGAGGATGGTGGAATTCCTTGTGTAGCGGTGGAATGCGTAGATATAAGGAGGAACACCAGTGGCGAAGGCGGCCATCTGGGACAAAACTGACGTTGAGGAACGAAAGCGTGGGTAGCAAACAGG,Bacteria,Kingdom Bacteria,Kingdom Bacteria,Kingdom Bacteria,Kingdom Bacteria,Kingdom Bacteria,Kingdom Bacteria,NA,NA,NA,NA,Weight and Mussels 2018,NA,NA,NA,NA,NA,NA,10.01479,NA,NA,,,,,,,,,,,NA,NA,NA,Weight and Mussels 2018,,,,,,,,,,,,,,,,,,
27,TACGGAGGGTGCAAGCGTTAATCGGAATTACTGGGCGTAAAGCGCGCGTAGGCGGATACTTAAGTCGGATGTGAAAGCCCCGGGCTCAACCTGGGAATTGCATTCGATACTGAGTATCTGGAGTATAGTAGAGGGGGGTGGAATTTCCGGTGTAGCGGTGAAATGCGTAGAGATCGGAAGGAACATCAGTGGCGAAGGCGGCCCCCTGGACTAATACTGACGCTGAGGTGCGAAAGCGTGGGGAGCAAACAGG,Bacteria,Proteobacteria,Gammaproteobacteria,Class Gammaproteobacteria,Class Gammaproteobacteria,Class Gammaproteobacteria,Class Gammaproteobacteria,NA,NA,NA,NA,Weight and Mussels 2018,NA,NA,NA,NA,NA,NA,9.149465,NA,NA,,,,,,,,,,,NA,NA,NA,Weight and Mussels 2018,,,,,,,,,,,,,,,,,,
28,TACGGAGGGTGTAAGCGTTATCCGGAATCATTGGGTTTAAAGGGTCCGTAGGCGGACTAATAAGTCAGGGGTGAAATCCCACGGCTCAACCGTGGAACTGCCTTTGATACTGTTAGTCTTGAGTTATAGTGAAGTAGATGGAATGTGTAGTGTAGCGGTGAAATGCATAGATATTACACAGAACACCGATTGCGAAGGCAGTCTACTAACTATTAACTGACGCTGAGGGACGAAAGCGTGGGGATCGAACAGG,Bacteria,Bacteroidota,Bacteroidia,Flavobacteriales,Flavobacteriaceae,Family Flavobacteriaceae,Family Flavobacteriaceae,NA,NA,NA,NA,Weight and Mussels 2018,NA,NA,NA,NA,NA,NA,20.03029,NA,NA,,,,,,,,,,,NA,NA,NA,Weight and Mussels 2018,,,,,,,,,,,,,,,,,,
29,TACGGGGGGGACGAGCGTTGTTCGGATTTACTGGGCGTAAAGCGTATGTAGGCGGCTCAGCAAGTTAGAAGTGAAATCCCAGGTCTTAAACCTGGAACTGCTTTTAAAACTGCTGGACTAGAGTTAAGTAGAGGATAGTAGAATTCCTAATGTAGAGGTGAAATTCGTAGATATTAGGAGGAATGCCAGAGGCGAAGGCGGCTGTCTGGGCTTATACTGACGCTGAGATACGAAGGTGTAGGGAGCAAACAGG,Bacteria,Proteobacteria,Alphaproteobacteria,Rickettsiales,Order Rickettsiales,Order Rickettsiales,Order Rickettsiales,NA,NA,NA,NA,Weight and Mussels 2018,NA,NA,NA,NA,NA,NA,-13.2216,NA,NA,,,,,,,,,,,NA,NA,NA,Weight and Mussels 2018,,,,,,,,,,,,,,,,,,
30,TACGTAGGGGGCGAACGTTGTTCGGAATCACTGGGCGTAAAGGGTGCGCAGGCTGCTCATCAAGTCAGTTGTGAAATTTCGTGGCTCAACCACGAAGCTGCTGCTGATACTGTTGGGCTAGAGTCATAGATAGAGGTAGCGGGAATTCCTGGTGTAGGAGTGAAATCTGTAGATATCAGGAGGAACACCAAGGGTGAAGACAAGCTACTGGGTAATGACTGACGCTGAGGCACGAAAGCTAGGGGAGCAAATGGG,Bacteria,Spirochaetota,Spirochaetia,Spirochaetales,Spirochaetaceae,Family Spirochaetaceae,Family Spirochaetaceae,NA,NA,NA,NA,Weight and Mussels 2018,NA,NA,NA,NA,NA,NA,-8.12258,NA,NA,,,,,,,,,,,NA,NA,NA,Weight and Mussels 2018,Listed as core asv,,,,,,,,,,,,,,,,,
31,TACGGAGGGTGCAAGCGTTACTCGGAATCACTGGGCGTAAAGTGCGCGTAGGTTGATTGAAAAGTTGGAAGTGAAATCCTATGGCTCAACCATAGAACTGCTTCCAAAACTCTTAATCTAGAATGTGGGAGAGGTAGATGGAATTTCTGGTGTAGGGGTAAAATCCGCAGAGATCAGAAGGAATACCAATAGCGAAGGCGATCTACTGGAACACTATTGACACTGAGGCGCGAAAGCGTGGGGAGCAAACAGG,Bacteria,Campilobacterota,Campylobacteria,Campylobacterales,Arcobacteraceae,Family Arcobacteraceae,Family Arcobacteraceae,NA,NA,NA,NA,NA,Volume and Mussels 2018,NA,NA,NA,NA,NA,NA,-7.16337,NA,,,,,,,,,,,NA,NA,NA,Volume and Mussels 2018,,,,,,,,,,,,,,,,,,
32,TACGGAGGGTGCGAGCGTTAATCGGAATTACTGGGCGTAAAGTGCATGTAGGCTGGCTTGAAAGTTACGAGTGAAATGTCCTAGCTCAACTAGGGAATTGCTCGTAAAACTCCAAGTCTAGAGAATATGAGAGGAGGATGGAATTTTCAGTGTAGCAGTGAAATGCTTAAATATTGGAAGGAACACCCATAGCGAAGGCAGTCCTCTGGTGTATTTCTGACGCTGAGATGCGAAAGCCTAGGGAGCAAACAGG,Bacteria,Proteobacteria,Gammaproteobacteria,Class Gammaproteobacteria,Class Gammaproteobacteria,Class Gammaproteobacteria,Class Gammaproteobacteria,NA,NA,NA,NA,NA,Volume and Mussels 2018,NA,NA,NA,NA,NA,NA,-5.57238,NA,,,,,,,,,,,NA,NA,NA,Volume and Mussels 2018,,,,,,,,,,,,,,,,,,
33,TACGGGGGGGACGAGCGTTGTTCGGATTTACTGGGCGTAAAGCGTATGTAGGCGGCTCAGCAAGTTAGAAGTGAAATCCCAGGTCTTAAACCTGGAACTGCTTTTAAAACTGCTGGACTAGAGTTAAGTAGAGGATAGTAGAATTCCTAATGTAGAGGTGAAATTCGTAGATATTAGGAGGAATGCCAGAGGCGAAGGCGGCTGTCTGGGCTTATACTGACGCTGAGATACGAAGGTGTAGGGAGCAAACAGG,Bacteria,Proteobacteria,Alphaproteobacteria,Rickettsiales,Order Rickettsiales,Order Rickettsiales,Order Rickettsiales,NA,NA,NA,NA,NA,Volume and Mussels 2018,NA,NA,NA,NA,NA,NA,-11.6939,NA,,,,,,,,,,,NA,NA,NA,Volume and Mussels 2018,,,,,,,,,,,,,,,,,,
34,TACGTAGGGGGCGAACGTTGTTCGGAATCACTGGGCGTAAAGGGTGCGCAGGCTGCTCATCAAGTCAGTTGTGAAATTTCGTGGCTCAACCACGAAGCTGCTGCTGATACTGTTGGGCTAGAGTCATAGATAGAGGTAGCGGGAATTCCTGGTGTAGGAGTGAAATCTGTAGATATCAGGAGGAACACCAAGGGTGAAGACAAGCTACTGGGTAATGACTGACGCTGAGGCACGAAAGCTAGGGGAGCAAATGGG,Bacteria,Spirochaetota,Spirochaetia,Spirochaetales,Spirochaetaceae,Family Spirochaetaceae,Family Spirochaetaceae,NA,NA,NA,NA,NA,Volume and Mussels 2018,NA,NA,NA,NA,NA,NA,-5.37544,NA,,,,,,,,,,,NA,NA,NA,Volume and Mussels 2018,,,,,,,,,,,,,,,,,,
35,TACGTAGGGTGCGAGCGTTAATCGGAATTACTGGGCGTAAAGCGTGCGCAGGCGGTTTTGTAAGTCAGATGTGAAATCCCCGAGCTTAACTTGGGAACTGCGTTTGAAACTACAAGACTAGAGTGTGTCAGAGGGGGGTAGAATTCCACGTGTAGCAGTGAAATGCGTAGAGATGTGGAGGAATATCAATGGCGAAGGCAGCCCCCTGGGATAACACTGACGCTCATGCACGAAAGCGTGGGGAGCGAACAGG,Bacteria,Proteobacteria,Gammaproteobacteria,Burkholderiales,Methylophilaceae,OM43 clade,Genus OM43 clade,NA,NA,NA,NA,NA,Volume and Mussels 2018,NA,NA,NA,NA,NA,NA,-13.0819,NA,,,,,,,,,,,NA,NA,NA,Volume and Mussels 2018,,,,,,,,,,,,,,,,,,
36,TACGTGGGGTGTTAGCGTTACTCGGATTTATTGGGCGTAAAGAACACGTAGGCGGACCAATCAGCTTAAGGTTTAAGACCATGGCTCAACCATGGGAGTGCTTTAGGAACTATTGGTCTTGAGTGTGGTTGAAGATAATGGAACTTCTGGTGTAGGGGTAAAATCCGTAGATATCAGAAAGAACGCCAAAAGCGAAAGCAGTTATCTAAACCATTACTGACGTTGAGGTGTGAAAGCGTGGGTAGCAAACAGG,Bacteria,Proteobacteria,Alphaproteobacteria,Class Alphaproteobacteria,Class Alphaproteobacteria,Class Alphaproteobacteria,Class Alphaproteobacteria,NA,NA,NA,NA,NA,Volume and Mussels 2018,NA,NA,NA,NA,NA,NA,-7.42709,NA,,,,,,,,,,,NA,NA,NA,Volume and Mussels 2018,,,,,,,,,,,,,,,,,,
37,GACGGAGGATGCAAGTGTTATCCGGAATCACTGGGCGTAAAGCGTCTGTAGGTGGTTTAATAAGTCAACTGTTAAATCTTGAGGCTCAACTTCAAAATCGCAGTCGAAACTATTAGACTAGAGTATAGTAGAGGTAAAGGGAATTTCCAGTGGAGCGGTGAAATGCGTAGATATTGGAAAGAACACCGATGGCGAAAGCACTTTACTGGGCTATTACTAACACTCAGAGACGAAAGCTAGGGTAGCAAATGGG,Bacteria,Cyanobacteria,Cyanobacteriia,Chloroplast,Order Chloroplast,Order Chloroplast,Order Chloroplast,NA,NA,NA,NA,NA,NA,Volume and Oysters 2017,NA,NA,NA,NA,NA,NA,1.14465,,,,,,,,,,,NA,NA,NA,Volume and Oysters 2017,,,,,,,,,,,,,,,,,,
38,GACGGAGGATGCAAGTGTTATCCGGAATCACTGGGCGTAAAGCGTCTGTAGGTGGTTTAATAAGTCGGCTGTTAAATCTTGAGGCTTAACTTCAAAACTGCAGTCGAAACTATTAGACTAGAGTATAGTAGGGGTAAAGGGAATTTCCAGTGGAGCGGTGAAATGCGTAGATATTGGAAAGAACACCGATGGCGAAGGCACTTTACTGGGCTATTACTGACACTCAGAGACGAAAGCTAGGGTAGCAAATGGG,Bacteria,Cyanobacteria,Cyanobacteriia,Chloroplast,Order Chloroplast,Order Chloroplast,Order Chloroplast,NA,NA,NA,NA,NA,NA,Volume and Oysters 2017,NA,NA,NA,NA,NA,NA,2.449572,,,,,,,,,,,NA,NA,NA,Volume and Oysters 2017,,,,,,,,,,,,,,,,,,
39,TACATAGGGTGCAAGCGTTATCCGGAATTATTGGGCGTAAAGCGTGCGTAGGCGGTTTACTAAGTCTGAAGTTAAAGCCTGGGGCTCAACCCCAGCCCGCTTTGGATACTGGTAGACTAGAGTTATATAGAGGTTAGCGGAACTCCATGTGAAGCGGTGGAATGCGTAGATATATGGAAGAACACCAAGAGCGAAGGCAGCTAACTGGATATACACTGACGCTGAGGCACGAAAGCGTGGGGAGCAAACAGG,Bacteria,Firmicutes,Bacilli,Mycoplasmatales,Mycoplasmataceae,Mycoplasma,Genus Mycoplasma,NA,NA,NA,NA,NA,NA,Volume and Oysters 2017,NA,NA,NA,NA,NA,NA,2.372643,,,,,,,,,,,NA,NA,NA,Volume and Oysters 2017,,,,,,,,,,,,,,,,,,
40,TACATAGGGTGCAAGCGTTATCCGGAATTATTGGGCGTAAAGCGTTCGTAGGCGGTTTATTAAGTCTGAAGTTAAAGCTCGGTGCTCAACACCGACCCGCTTTGGATACTGATAGACTAGAGTTATATAGAGGTTAGCGGAACTCCATGTGAAGCGGTGGAATGCGTAGATATATGGAAGAACACCAATGGCGAAGGCAGCTAACTGGATATACACTGACGCTGAGGAACGAAAGCGTGGGGAGCAAACAGG,Bacteria,Firmicutes,Bacilli,Mycoplasmatales,Mycoplasmataceae,Mycoplasma,Genus Mycoplasma,NA,NA,NA,NA,NA,NA,Volume and Oysters 2017,NA,NA,NA,NA,NA,NA,0.695653,,,,,,,,,,,NA,NA,NA,Volume and Oysters 2017,,,,,,,,,,,,,,,,,,
41,TACATAGGGTGCAAGCGTTATCCGGAATTATTGGGCGTAAAGCGTTCGTAGGTGGTCAAGAAAGTCTGAAGTTAAAGCTCGGGGCTCAACCCCGACCCGCTTTGGAAACTACTTGACTAGAGTCATGAAGAGGTTAGCGGAACTCCATGTGAAGCGGTGGAATGCGTAGATATATGGAAGAACACCAATGGCGAAGGCAGCTAACTGGGAATGAACTGACACTGAGGGACGAAAGCGTGGGGAGCAAACAGG,Bacteria,Firmicutes,Bacilli,Mycoplasmatales,Mycoplasmataceae,Mycoplasma,Genus Mycoplasma,NA,NA,NA,NA,NA,NA,Volume and Oysters 2017,NA,NA,NA,NA,NA,NA,0.944941,,,,,,,,,,,NA,NA,NA,Volume and Oysters 2017,,,,,,,,,,,,,,,,,,
42,TACGAGGGGTGCAAGCGTTAATCGGAATTACTGGGCGTAAAGCGTACGCAGGCGGTTGATTAAGCGAGATGTGAAAGCCCCGGGCTTAACCTGGGAACTGCATTTCGAACTGGTCAACTAGAGTCTTGTAGAGGGGGGTAGAATTTCAGGTGTAGCGGTGAAATGCGTAGAGATCTGAAGGAATACCGGTGGCGAAGGCGGCCCCCTGGACAAAGACTGACGCTCAGGTACGAAAGCGTGGGGAGCAAACAGG,Bacteria,Proteobacteria,Gammaproteobacteria,Alteromonadales,Shewanellaceae,Shewanella,Genus Shewanella,NA,NA,NA,NA,NA,NA,Volume and Oysters 2017,NA,NA,NA,NA,NA,NA,1.319657,,,,,,,,,,,NA,NA,NA,Volume and Oysters 2017,,,,,,,,,,,,,,,,,,
43,TACGGAGGGTGCAAGCATTAATCGGGATTATTAGGCGTAAAGGGTGCGTAGGCGGCTATGTAAGTCAAATGTGAAATCCTGGGGCTTAACCCCAGGGCTGCATTTGAAACTGCATGACTAGAGGATGGACGGAGGAAGCGGAATTCTACATGTAGCGGTGAAATGCGTGGATATGTAGAAGAACACCGGTGGCGAAAGCGGCTTTCTAGTTTAATCCTGACGCTGAGGCACGATAGCAGGGGGAGCAAACAGG,Bacteria,Verrucomicrobiota,Chlamydiae,Chlamydiales,Order Chlamydiales,Order Chlamydiales,Order Chlamydiales,NA,NA,NA,NA,NA,NA,Volume and Oysters 2017,NA,NA,NA,NA,NA,NA,3.389547,,,,,,,,,,,NA,NA,NA,Volume and Oysters 2017,,,,,,,,,,,,,,,,,,
44,TACGGAGGGTGCAAGCGTTACTCGGAATCACTGGGCGTAAAGAGCGTGTAGGCGGGTTTGTAAGTTTGAAGTGAAATCCAATGGCTCAACCATTGAACTGCTTTGAAAACTGCTTACCTAGAATATGGGAGAGGTAGATGGAATTTCTGGTGTAGGGGTAAAATCCGTAGAGATCAGAAGGAATACCGATTGCGAAGGCGATCTACTGGAACATTATTGACGCTGAGACGCGAAAGCGTGGGGAGCAAACAGG,Bacteria,Campilobacterota,Campylobacteria,Campylobacterales,Arcobacteraceae,Poseidonibacter,lekithochrous,NA,NA,NA,NA,NA,NA,Volume and Oysters 2017,NA,NA,NA,NA,NA,NA,2.024855,,,,,,,,,,,NA,NA,NA,Volume and Oysters 2017,,,,,,,,,,,,,,,,,,
45,TACGTATGTCGCAAGCGTTATCCGGAATTATTGGGCGTAAAGCGAGTCTAGGCGGTTTGTTAAGTCAGATGTGAAAATGCGGGGCTCAACTCCGTATGGCCTTTGATACTGGCAAACTAGAGTACTGGAGAGGTGGGCGGAACTACAAGTGTAGAGGTGAAATTCGTAGATATTTGTAGGAATGCCGATAGTGAAGACAGCTCACTGGACAGATACTGACGCTAAAGCTCGAAAGCGTGGGGAGCAAACAGG,Bacteria,Fusobacteriota,Fusobacteriia,Fusobacteriales,Fusobacteriaceae,Psychrilyobacter,Genus Psychrilyobacter,NA,NA,NA,NA,NA,NA,Volume and Oysters 2017,NA,NA,NA,NA,NA,NA,0.912956,,,,,,,,,,,NA,NA,NA,Volume and Oysters 2017,,,,,,,,,,,,,,,,,,
46,TTCCAGCTCCAATAGCGTATACTAATGTTGTTGCAGTTAAAAAGCTCGTAGTTGAAATTATATCTCATCAGAGATCAACCTTTATGGTGATTATTGTGAATAAATTAGAGTGTTTCAGGCAGACTACGTTTGAATACATAAGCATGGAATAATAAAATATGAATTTTTAATTTTGGTTTTAAATTTTAATGATTAATAGAAGCAATTGGGGGCATTCGTATTTAATAGTCAGAGGTAAAATTCTTGGATTTATTAAAGACGAACTAAAGCGAAAGCATTTGTCAAAGATGTTTTCATTAATCAAGAACGAAAGTTAGGGGATCAAAGACG,Eukaryota,Kingdom Eukaryota,Kingdom Eukaryota,Kingdom Eukaryota,Kingdom Eukaryota,Kingdom Eukaryota,Kingdom Eukaryota,NA,NA,NA,NA,NA,NA,Volume and Oysters 2017,NA,NA,NA,NA,NA,NA,2.069485,,,,,,,,,,,NA,NA,NA,Volume and Oysters 2017,,,,,,,,,,,,,,,,,,